<!-- In a class if we have to run a execute few methods we can use<methods></methods> tag 
include => test method to be executed
exclude = that test method should not be executed, rest all methods will execute in the class

-->

<suite name="testsuite2" verbose="1">

<test name="TestCycle1">
<classes>
<class name="com.app.TestNGScrpts.TestAnnotation">
  <methods>
    <include name="login"></include> 
  </methods>
</class>

<class name="com.app.TestNGScrpts.BeforeAftermethodAnnoatation">
<methods>
  <include name="logout"></include>
</methods>
</class>

<class name="com.app.TestNGScrpts.BeforeAfterClassAnnoatation">
 <methods>
  <exclude name="login"></exclude>
  <exclude name="logout"></exclude>
</methods>
</class>
</classes>
</test>

</suite>